gid,no_fantasia,no_logradouro,nu_endereco,no_bairro,cidade,uf
6834477,UPA DR JOSE POVOA MENDES,RUA AUGUSTA BASTOS,1900,JARDIM GOIAS,Rio Verde,GO
7458606,UPA CAMPOS SALLES,RUA DONA OTILIA,649,TARUMA,Manaus,AM
2589648,UNIDADE DE PRONTO ATENDIMENTO UPA,RUA DAS ACASIA,S/N,RESIDENCIAL BRASICON,Aparecida de Goiânia,GO
6922333,UNIDADE DE PRONTO ATENDIMENTO,RUA DOS TRES PODERES,01,OURO NEGRO,Candeias,BA
2164175,UNIDADE DE PRONTO ATENDIMENTO DE SAO BENEDITO,RUA SENHOR DO BONFIM,1052,SAO BENEDITO,Santa Luzia,MG
6995160,UPA DE ROMA,R BARAO DE COTEGIPE,1153,ROMA,Salvador,BA
2061767,UPA VILA SONIA NESTOR LONGATTO PIRACICABA,RUA BRIGADEIRO EDUARDO GOMES,106,VILA SONIA,Piracicaba,SP
7206445,UPA DR GERALDO C P REIS,GABRIEL JOSE DO VALE,235,JD ROMULO MONTANARI,Serrana,SP
6716938,SMS COORD DE EMERGENCIA REGIONAL CER BARRA AP 40,AVENIDA AYRTON SENNA,2000,BARRA DA TIJUCA,Rio de Janeiro,RJ
7546696,UPA DR MARIO RUIVO DE CUBATAO,AV JOEL GONCALVES DE OLIVEIRA,222,PQ SAO LUIZ,Cubatão,SP
7108648,UPA IPIRANGA,RUA JOSE MIGUEL,11,VILA NIPONICA,Bauru,SP
23582,UNIDADE DE PRONTO ATENDIMENTO VENDA NOVA,RUA PADRE PEDRO PINTO,322,VENDA NOVA,Belo Horizonte,MG
7494068,UPA SADAKO SEDOGUTI,RUA DOS CAJUEIROS,453,RESIDENCIAL FLAMBOYA,Itaquaquecetuba,SP
23051,UNIDADE DE PRONTO ATENDIMENTO NORDESTE,RUA ITAMARACA,535,CONCORDIA,Belo Horizonte,MG
5955637,SES RJ UPA 24H SANTA CRUZ,AV CESARIO DE MELO,13655,STA CRUZ,Rio de Janeiro,RJ
7103255,UNIDADE DE PRONTO ATENDIMENTO DE EUSEBIO,RUA IRMA AMBROSINA,395,CENTRO,Eusébio,CE
6631819,UPA CARUARU,AVENIDA JOSE MARQUES FONTES,S/N,INDIANOPOLIS,Caruaru,PE
7003692,UNIDADE DE PRONTO ATENDIMENTO UPA II,AV AMARAL PEIXOTO KM 136,136,SAMBURA,Cabo Frio,RJ
6411169,UNIDADE DE PRONTO ATENDIMENTO UPA 24HS,RUA QUINTINO BOCAIUVA,S/N,FUNDOS,Biguaçu,SC
6690742,UPA CABO DE SANTO AGOSTINHO,RUA 27,S/N,COHAB,Cabo de Santo Agostinho,PE
7746180,UPA DR NEWTON NOVATO,CYRO EDUARDO ROSA FALEIROS,600,AEROPORTO I,Franca,SP
5053293,UPA ELISA S FRANCHOZZA ARARAS,AVENIDA IRINEU CARROCCI,400,JOSE OMETTO II,Araras,SP
5955661,SES RJ UPA 24H TIJUCA,RUA CONDE DE BONFIM,S/N,TIJUCA,Rio de Janeiro,RJ
5955688,SES RJ UPA 24H RICARDO DE ALBUQUERQUE,ESTR MAL ALENCASTRO,S/N,RICARDO DE ALBUQUERQ,Rio de Janeiro,RJ
7665199,UNIDADE DE PRONTO ATENDIMENTO DR JOSE ABILIO M DE BARROS,LUIZ FEITOSA RODRIGUES,S/N,GUATOS,Corumbá,MS
7039336,UPA UNIDADE DE PRONTO ATENDIMENTO,RODOVIA DUQUE DE CAXIAS,S/N,UBATUBA,São Francisco do Sul,SC
6443419,UPA PAULISTA,ESTRADA DO FRIO,10000,AURORA,Paulista,PE
7399626,UNIDADE DE PRONTO ATENDIMENTO DE RUSSAS,RUA PROJETADA,S/N,PLANALTO,Russas,CE
7429568,UPA 24 HORAS,AV VICENTE JOSE PARISE,2100,CENTRO,Taquaritinga,SP
6439993,UPA 24 HORAS AVENTUREIRO,RUA MAFALDA LAURINDO,0,AVENTUREIRO,Joinville,SC
2061724,UPA VILA CRISTINA FREI SIGRIST PIRACICABA,AVENIDA RAPOSO TAVARES,1737,VILA CRISTINA,Piracicaba,SP
7636822,UPA 24HS GLEBA A GRAVATA,AVENIDA DO CANAL,S/N,GLEBA A,Camaçari,BA
7471777,UPA SAO JOSE,AV DE CILLO,2310,JD SAO JOSE,Americana,SP
7064578,UPA UNIDADE DE PRONTO ATENDIMENTO,RUA PROFESSOR JOSINO BRETAS ESQ C R,0001,CENTRO,Caldas Novas,GO
6463487,UPA SANTA LUZIA,RUA IBITIGUAIA,1130,SANTA LUZIA,Juiz de Fora,MG
6985483,UNIDADE PRONTO ATENDIMENTO PRAIA DO FUTURO,AV SENADOR CARLOS JEREISSATI,S/N,PRAIA DO FUTURO,Fortaleza,CE
6737633,UPA 24H BOM JESUS DA LAPA,RUA L,244,SAO MIGUEL,Bom Jesus da Lapa,BA
5874998,PRONTO ATENDIMENTO DR SERGIO AROUCA CAMPO GRANDE,R DIRCE DE OLIVEIRA SANTOS,280,CAMPO GRANDE,Campinas,SP
7709196,UNIDADE DE PRONTO ATENDIMENTO TIPO I UPA,RUA FERNANDO ALVES DE OLIVEIRA,S/N,NOVO HORIZONTE,Macapá,AP
6950302,CENTRAL DE REGULACAO DE URGENCIAS DE SOROCABA,RUA BENTO MANOEL RIBEIRO,125,CERRADO,Sorocaba,SP
7499914,UPA 24 HORAS VENANCIO AIRES,VOLUNTARIOS DA PATRIA,2500,CRUZEIRO,Venâncio Aires,RS
7529368,UPA III DR ALAIR MAFRA ANAPOLIS GOIAS,RUA 29 DE DEZEMBRO,S/N,VILA ESPERANCA,Anápolis,GO
2822318,UNIDADE DE PRONTO ATENDIMENTO 24 HORAS,RENATO NUNES RIBAS,731,CENTRO,Pinhais,PR
6716911,SMS COORD DE EMERGENCIA REGIONAL CER CENTRO AP 10,RUA FREI CANECA,S/N,CENTRO,Rio de Janeiro,RJ
7345259,UPA EDUARDO CAMPOS,RUA MARACANA,31,SOTAVE,Jaboatão dos Guararapes,PE
6885284,UPA ENSEADA PAULO FLAVIO AFONSO PIASENTI GUARUJA,AVENIDA D PEDRO I,S/N,ENSEADA,Guarujá,SP
7126484,UNIDADE DE PRONTO ATENDIMENTO DE JALES,RUA SEBASTIAO MARTINS,2373,JD SAMAMBAIA,Jales,SP
7616902,UNIDADE DE PRONTO ATENDIMENTO DR JUSTINO ALVES PEREIRA,AV SOUZA NAVES,1245,JD MORADA DO SOL,Ibiporã,PR
2160137,UPA ANTONIO JOSE DOS SANTOS,RUA PADRE JOSE LUIZ,440,SAO MARIOS,Nova Serrana,MG
6821197,UPA PAULICEIA TABOAO,RUA PEDRO DE TOLEDO,326,PAULICEIA,São Bernardo do Campo,SP
7052251,UPA 24 HORAS DR MAIA,AV MANOEL TAVARES,S/N,ALTO BRANCO,Campina Grande,PB
7066953,UNIDADE DE PRONTO ATENDIMENTO UPA 24H,RUA ENEDINA DAVILA FERREIRA,S/N,CORDEIROS,Itajaí,SC
6826393,UPA PARQUE VITORIA,AVENIDA JOSE SANTANA QUADRA 38,20,TURU,São José de Ribamar,MA
7242492,UNIDADE DE PRONTO ATENDIMENTO LEONARDO WESSHEIMER,RUA OIAPOC,1,AGOSTINI,São Miguel do Oeste,SC
7113218,UPA CENTRO,RUA AGENOR DE CARMARGO,129,CENTRO,Santo André,SP
7410042,UPA DR OLAVO CAVALCANTE CARDOSO,RUA JOELSON SILVA BARROS,S/N,CIDADE NOVA,Crateús,CE
7460953,UNIDADE DE PRONTO ATENDIMENTO DE IGUATU UPA,RUA 25 DE MARCO,S/N,PARANA,Iguatu,CE
7467206,UNIDADE DE PRONTO ATENDIMENTO UPA,RUA NELSON BRIHI BADUR,605,JARDIM SAO NICOLAU,Registro,SP
2680017,UPA ZONA SUL,RUA URTIGA VERMELHA COM JATUARANA,S/N,COHAB FLORESTA,Porto Velho,RO
6999506,UNIDADE PRONTO ATENDIMENTO AUTRAN NUNES,AV FERNANDES TAVORA,S/N,AUTRAN NUNES,Fortaleza,CE
7466412,UNIDADE DE PRONTO ATENDIMENTO UPA 24 HORAS,AV GESSY LEVER,550,LENHEIRO,Valinhos,SP
6607667,UPA UNIAO ALVARENGA,ESTRADA DOS ALVARENGA,5779,ALVARENGA,São Bernardo do Campo,SP
3827836,UPA PINHEIRINHO,RUA LEON NICOLAS,S/N,CAPAO RASO,Curitiba,PR
7103271,UPA 24 HS UNIDADE DE PRONTO ATENDIMENTO DR MARIO NUNES MIRAN,RUA DR ORLANDO THIAGO DOS SANTOS,120,WILLIANS,Garça,SP
2063603,UPA JAD MORADA DO SOL INDAIATUBA,AVENIDA ENG FABIO ROBERTO BARNABE,6020,JAD MORADA DO SOL,Indaiatuba,SP
6976794,UPA JARDIM PAINEIRAS,RUA JAVARI,635,JARDIM PAINEIRAS,Diadema,SP
7058284,UPA JOAQUINA PIRES BARBOSA HENRIQUE,LOTEAMENTO RESIDENCE ALTIPLANO,S/N,CENTRO,Monteiro,PB
7372523,UPA DE PENTECOSTE,RUA GONCALO SALES PESSOA,14,SAO FRANCISCO,Pentecoste,CE
7102429,UPA SANTA LUZIA,ESTRADA DA COLONIA,2959,SANTA LUZIA,Ribeirão Pires,SP
6986609,UNIDADE DE PRONTO ATENDIMENTO UPA ZONA SUL,AVENIDA NILDO RIBEIRO DA ROCHA,865,JARDIM IPANEMA,Maringá,PR
2190125,UNIDADE DE PRONTO ATENDIMENTO PETROLANDIA UPA,RUA REFINARIA UNIAO,137,PETROLANDIA,Contagem,MG
6858317,SES RJ UPA 24H COPACABANA,RUA SIQUEIRA CAMPOS,129,COPACABANA,Rio de Janeiro,RJ
7507631,ITABIRITO UPA CELSO MATOS SILVA,RODOVIA DOS INCONFIDENTES KM 55 BR 356,S/N,SANTA EFIGENIA,Itabirito,MG
7638698,UPA VILA SANTA CATARINA,RUA CIDADE DE BAGDA,529,JARDIM MIRA,São Paulo,SP
6914624,UNIDADE DE PRONTO ATENDIMENTO MOACIR ELIAS FADEL,PROLONGAMENTO DA RUA ANTONIO MENARIM,S/N,RIO BRANCO,Castro,PR
7625987,UPA PARQUE BEIRA MAR,ROD WASHINGTON LUIS,3200,VILA SAO LUIS,Duque de Caxias,RJ
4340,UPA 24H DR HELIO MACHADO,RUA DA CACIMBA,S/N,ITAPUA,Salvador,BA
2639548,UPA CAMPO COMPRIDO,RUA MONS IVO ZANLORENZI,3495,CAMPO COMPRIDO,Curitiba,PR
7744293,UPA 24H MARIA ROSA NEPOMUCENO,BR 226,S/N,TREZIDELA,Barra do Corda,MA
2438917,UPA BOQUEIRAO,RUA PROFA MARIA ASSUMPCAO,2590,BOQUEIRAO,Curitiba,PR
7459750,UNIDADE DE PRONTO ATENDIMENTO 24H TABATINGA UPA TABATINGA,RUA CORONEL BERG,S/N,VILAPARAISO,Tabatinga,AM
7434472,UNIDADE DE PRONTO ATENDIMENTO 24H DR ANTONIO MAGALHAES,RUA DOS VOLUNTARIOS,S/N,RENASCER,Quixadá,CE
7445032,UNIDADE DE PRONTO ATENDIMENTO DE LAJEADO UPA 24H,RUA CARLOS SPOHR FILHO,3480,MOINHOS DAGUA,Lajeado,RS
7321880,UNIDADE DE PRONTO ATENDIMENTO EM BARRA MANSA RJ UPA,ANTONIO VINTURELLI NETTO,123,BOA VISTA I,Barra Mansa,RJ
7396805,UNIDADE DE PRONTO ATENDIMENTO DE SAO GONCALO DO AMARANTE,RUA DO CAJUEIRO,S/N,PECEM,São Gonçalo do Amarante,CE
2492555,UNIDADE DE PRONTO ATENDIMENTO SUL,RUA PERIMENTRAL 2,04,AURENY II,Palmas,TO
6531288,UPA 24H DE PAJUCARA,RUA MOEMIA TINOCO DA CUNHA LIMA,S/N,PAJUCARA,Natal,RN
6916074,UPA SAO JOAO LAVRAS,ESTRADA GUARULHOS NAZARE,4130,CIDADE SOBERANA,Guarulhos,SP
6629989,SES RJ UPA 24H CAMPOS DOS GOYTACAZES,SOUZA MOTA,200,PARQUE VERA CRUZ,Campos dos Goytacazes,RJ
6992552,UNIDADE DE PRONTO ATENDIMENTO UPA TUPA,RUA COMERCIANTE JOSE DA MOTA,55,VILA INDEPENDENCIA,Tupã,SP
2189852,UNIDADE PRONTO ATENDIMENTO GERALDO PINTO VIEIRA UPA JK,AVENIDA JOAO CESAR DE OLIVEIRA,780,ELDORADO,Contagem,MG
6270131,UPA JAGUARE,AVENIDA DANILO GALEAZZI,2450,JARDIM JAGUARE,São José do Rio Preto,SP
7136552,SES RJ UPA 24 H FONSECA,RUA SA BARRETO,107,FONSECA,Niterói,RJ
7525427,UPA III,RUA PELUZO,288,JARDIM PELUZZO,Patos de Minas,MG
7130538,UPA UNIDADE DE PRONTO ATENDIMENTO OURINHOS,RUA CELESTINO LOPES BAHIA,545,VILA SAO LUIZ,Ourinhos,SP
7592191,UPA 24H VILOBALDO MACEDO,RUA SANTO ANTONIO,590,INDAIA,Poções,BA
6928331,UPA TIMON,RUA SAO SEBASTIAO,S/N,SANTO ANTONIO,Timon,MA
7030878,UPA RUDGE RAMOS,RUA ANGELA TOME,256,RUDGE RAMOS,São Bernardo do Campo,SP
3936082,UPA UNIDADE DE PRONTO ATENDIMENTO,AV ELIEZER MAGALHAES,2520,JARDIM MARILU,Mirassol,SP
6975402,UPA UNIDADE DE PRONTO ATENDIMENTO SARA AKEMI ICHICAVA,AV PORTO ALEGRE,S/N,CENTRO,Sorriso,MT
7094647,UPA DR JOAO OLIVEIRA,RODOVIA LOMANTO JUNIOR,S/N,CASTELO BRANCO,Juazeiro,BA
2033623,UNIDADE DE PRONTO ATENDIMENTO UPA,AVENIDA GRECIA,229,VILA PRADO,São Carlos,SP
7101856,SMS UPA 24H MAGALHAES BASTOS AP 51,ESTRADA MANOEL NOGUEIRA DE SA,S/N,MAGALHAES BASTOS,Rio de Janeiro,RJ
2087693,UPA JD AMANDA PASTOR ENEAS DE CASTRO GAMA,RUA WASHINGTOM LUIS,1066,JD AMANDA,Hortolândia,SP
7065485,SES RJ UPA 24H MESQUITA,RUA COSTA E SILVA,S/N,EDSON PASSOS,Mesquita,RJ
7061838,MATEUS LEME UPA 24 HORAS TIAGO CARDOSO SANTOS,RUA LEVINDO DA SILVA,15,VALE VERDE,Mateus Leme,MG
6042619,UNIDADE DE PRONTO ATENDIMENTO EM BARRA MANSA RJ UPA,RUA LUIZ PONCE,263,CENTRO,Barra Mansa,RJ
6091997,SES RJ UPA 24H CABUCU,AVENIDA ABELIO AUGUSTO TAVORA,1600,CABUCU,Nova Iguaçu,RJ
7521316,UPA 24H SAN MARTIN,RUA DO FORNO,S/N,SAN MARTIN,Salvador,BA
7115652,,,,,Jaguariúna,SP
7018800,UNIDADE PRONTO ATENDIMENTO CANINDEZINHO,RUA 15,S/N,PLANALTO VITORIO,Fortaleza,CE
7021909,UPA 24 HORAS VACARIA,RUA CAMPOS SALES,1100,GLORIA,Vacaria,RS
7110162,SMS UPA 24H ROCHA MIRANDA AP 33,ESTRADA DO BARRO VERMELHO,S/N,ROCHA MIRANDA,Rio de Janeiro,RJ
5617286,UAI SAO JORGE,RUA TOLEDO,165,PARQUES LARANJEIRAS,Uberlândia,MG
7090064,UPA UNIDADE DE PRONTO ATENDIMENTO 24HS DE ITATIBA,RUA BENEDITA CARRA CORRADINE,S/N,PQ EMPRESARIAL,Itatiba,SP
6680704,SMS UPA 24H COSTA BARROS AP 33,EST BOTAFOGO,S/N,COSTA BARROS,Rio de Janeiro,RJ
6742017,UNIDADE DE PRONTO ATENDIMENTO MACAIBA UPA,AVENIDA JUNDIAI,100,ESTRADA DE JUNDIAI,Macaíba,RN
7169310,UPA SILVINA,AVENIDA DR JOSE FORNARI,509,FERRAZOPOLIS,São Bernardo do Campo,SP
6272320,UPA 24 HS VOLTA REDONDA,RUA MIL E DEZESSETE,660,STO AGOSTINHO,Volta Redonda,RJ
7076886,UPA VALDEMAR DE ASSIS BARCELOS,MG 040,30,KM30,Brumadinho,MG
7697422,UPA DE BEBEDOURO,RUA LUIZ BRUNELLI,00,JARDIM JULIA,Bebedouro,SP
6507557,UPA SAO LOURENCO DA MATA,AVENIDA SR FRANCISCO CORREIA,2009,PIXETE,São Lourenço da Mata,PE
7084129,UPA 24H DE SEABRA JORGE ALVES DE OLIVEIRA,RUA EDVALDO SANTOS,S/N,TAMBORIL,Seabra,BA
7103840,UPA 24 HORAS ROSA MARIA OLIVEIRA BASTOS,RUA RIO SOLIMOES,9995,ASA SUL,Irecê,BA
5955211,SES UPA 24H MARE AP 31,AV BRASIL,4880,MANGUINHOS,Rio de Janeiro,RJ
7006810,UNIDADE PRONTO ATENDIMENTO MESSEJANA,RUA MIGUEL GURGEL,S/N,MESSEJANA,Fortaleza,CE
6211496,UNIDADE DE PRONTO ATENDIMENTO DE VERA CRUZ,AVENIDA JUVENAL JOAO VINAGRE,S/N,MAR GRANDE,Vera Cruz,BA
7326823,UNIDADE DE PRONTO ATENDIMENTO SILVIA MANTOVANI,RUA CARAJAS,479,JD TUPI,Cambé,PR
6847587,UPA ARACAGY,AV DOS HOLANDESES,S/N,ARACAGY,São Luís,MA
5967198,SES RJ UPA 24H DUQUE DE CAXIAS,RUA JOAQUIM PECANHA,1532,PQ LAFAIETE,Duque de Caxias,RJ
7278888,UNIDADE DE PRONTO ATENDIMENTO UPA II,ESTRADA DO ICUI GUAJARA,S/N,ICUI GUAJARA,Ananindeua,PA
6972497,UPA UNIDADE DE PRONTO ATENDIMENTO DE APUCARANA PR,RUA CLOTARIO PORTUGAL,1755,CENTRO,Apucarana,PR
6037526,SES RJ UPA 24H JACAREPAGUA,RUA ANDRE ROCHA,20,TAQUARA,Rio de Janeiro,RJ
6629385,UNIDADE DE PRONTO ATENDIMENTO UPA ITAGUAI,AVENIDA DEPUTADO OTAVIO CABRAL,00,JARDIM AMERICA,Itaguaí,RJ
7031882,VESPASIANO UPA 24 HORAS PREFEITO LUIZ ISSA,AV PREFEITO SEBASTIAO FERNANDES,S/N,CENTRO,Vespasiano,MG
2115786,UNIDADE MUNICIPAL DE PRONTO ATENDIMENTO DE IBIRITE,RUA NELSON PINHEIRO,S/N,MACAUBAS,Ibirité,MG
7455038,UPA 24 HORAS,RUA RANULFO ALVARES,1681,VILA ISA,Governador Valadares,MG
7637802,UPA UNIDADE DE PRONTO ATENDIMENTO PRICESA ISABEL,RUA ALFREDO CARLOS DA COSTA,S/N,MAIA,Princesa Isabel,PB
7299729,UPA UNIDADE DE PRONTO ATENDIMENTO DE PORTO NACIONAL,RUA MARIA ANGELICA DA SILVA PRADO,S/N,NOVA CAPITAL,Porto Nacional,TO
7561792,UNIDADE DE PRONTO ATENDIMENTO CELIO PIRES DE SA,RUA ESTEVAM LOPES GALVAO,1,VALENTINA,João Pessoa,PB
7434308,UNIDADE PRONTO ATENDIMENTO CRISTO REDENTOR,AV PRESIDENTE CASTELO BRANCO,S/N,JACARECANGA,Fortaleza,CE
7304188,UPA DR JOAO BATISTA DE SOUSA JUNIOR,AVENIDA RIO VERMELHO,S/N,RESIDENCIAL ITAIPU,Goiânia,GO
6929583,UPA IMPERATRIZ,AVENIDA BERNARDO SAYAO,968,NOV IMPERATRIZ,Imperatriz,MA
7294700,ALMOXARIFADO CENTRAL,RUA PIRATINI,S/N,CENTRO,Toledo,PR
6507409,SMS UPA 24H ROCINHA AP 21,ESTRADA DA GAVEA,522,ROCINHA,Rio de Janeiro,RJ
7417659,UPA JOSE ISABEL DE NASCIMENTO,AVENIDA GERASA,820,CANAA,Ipatinga,MG
3708608,UPA EUGENIO DE MELO,RUA CORONEL EUGENIO AUGUSTO DE MELO,101,EUGENIO DE MELO,São José dos Campos,SP
5625416,UNIDADE DE PRONTO ATENDIMENTO DE LENCOIS PAULISTA,RUA SETE DE SETEMBRO,600,CENTRO,Lençóis Paulista,SP
6947077,UNIDADE DE PRONTO ATENDIMENTO JOSIEL RODRIGUES MARTINS,RUA LAUDELINO VALENTE,S/N,SAO CRISTOVAO,Capanema,PA
6851304,UPA VINHAIS,AVENIDA 02,S/N,VINHAIS,São Luís,MA
7409354,UPA DR JOSE ROBERTO LOPES FERRAZ,RUA UM,800,CENTRO,Santa Fé do Sul,SP
7372116,UPA 24 HORAS IRMA DULCE MARECHAL DEODORO AL,RUA CORIMA,S/N,FRANCES,Marechal Deodoro,AL
7155832,UNIDADE DE PRONTO ATENDIMENTO 24 HORAS ARARANGUA,AVENIDA 15 DE NOVEMBRO,344,CIDADE ALTA,Araranguá,SC
6909663,UPA CENTRO UNIDADE DE PRONTO ATENDIMENTO,RUA WASHINGTON LUIZ,600,CENTRO,Petrópolis,RJ
7040792,UNIDADE DE PRONTO ATENDIMENTO DE OLIMPIA,AVENIDA WALDEMAR LOPES FERRAZ,288,CENTRO,Olímpia,SP
2706245,UNIDADE DE PRONTO ATENDIMENTO DE FRANCO DA ROCHA UPA II,NELSON RODRIGUES,S/N,CENTRO,Franco da Rocha,SP
6926177,SMS UPA 24 H SEPETIBA AP 53,RUA RAFAEL FERREIRA,S/N,SEPETIBA,Rio de Janeiro,RJ
10057,UPA APARECIDA GONCALVES SARAIVA UNIVERSITARIO,AVENIDA GUAICURUS ESQ COM AV GURY MARQUES,S/N,UNIVERSITARIO,Campo Grande,MS
7535643,UPA UNIDADE PRONTO ATENDIMENTO DE FAZENDA RIO GRANDE,RUA RIO TEJO,515,SANTA TEREZINHA,Fazenda Rio Grande,PR
7546777,UNIDADE DE PRONTO ATENDIMENTO DR AFRANIO MARTINS,RUA FREI ANTONIO,3675,TERRA ROCHA,Dourados,MS
7260784,UPA DAICO,RODOVIA AUGUSTO MONTENEGRO KM 11,0,PARQUE GUAJARA,Belém,PA
7404700,SES RJ UPA 24 H SAO PEDRO DA ALDEIA,RODOVIA AMARAL PEIXOTO,S/N,SAO PEDRO DA ALEDIA,São Pedro da Aldeia,RJ
2389061,UPA TARCISIO DE VASCONCELOS MAIA,RUA MARIAZINHA MENDES,S/N,SAO MANOEL,Mossoró,RN
2485958,UPA 24 HORAS SERRA,AVENIDA JONES DOS SANTOS NEVES,S/N,CENTRO SERRA,Serra,ES
7054254,UPA 24 HORAS RIO BRANCO,CAIRU,500,RIO BRANCO,Canoas,RS
22683,UNIDADE DE PRONTO ATENDIMENTO BARREIRO,AV AURELIO LOPES,20,DIAMANTE,Belo Horizonte,MG
6849636,UPA AFONSO PENA,RUA FRANCISCA DE SOUZA CORTES,460,AFONSO PENA,São José dos Pinhais,PR
7648227,UPA UNIDADE DE PRONTO ATENDIMENTO ALEGRETE,MESTRE CACAIO,S/N,CANUDOS,Alegrete,RS
6629954,SES RJ UPA 24H SAO GONCALO I,RODOVIA AMARAL PEIXOTO,S/N,COLUMBANDE,São Gonçalo,RJ
7126816,UPA 24 HORAS PRADO,RODOVIA PRADO ITAMARAJU QUADRA 17 LOTE 7 A 12,S/N,PORTAL DO PRADO,Prado,BA
7530005,UNIDADE DE PRONTO ATENDIMENTO UPA 24 HORAS,AV CURUA UNA,S/N,SAO JOSE OPERARIO,Santarém,PA
7038895,UNIDADE DE PRONTO ATENDIMENTO UPA 24 HS RIO CLARO,AV 29,1313,ESTADIO,Rio Claro,SP
2630036,SECRETARIA MUNICIPAL DE SAUDE,RUA ADAMASTOR ANTONIO DA SILVA,S/N,MUQUICABA,Guarapari,ES
7266650,UPA UNIDADE DE PRONTO ATENDIMENTO LAGOMAR,AVENIDA JOSE FERREIRA MACHADO,S/N,LAGOMAR,Macaé,RJ
2639467,UPA FAZENDINHA,RUA CARLOS KLEMTZ,S/N,FAZENDINHA,Curitiba,PR
6038883,SES RJ UPA 24H REALENGO,RUA MARECHAL JOAQUIM INACIO,S/N,REALENGO,Rio de Janeiro,RJ
6488315,UPA CAXANGA,AV CAXANGA,S/N,VARZEA,Recife,PE
2054728,UPA VILA REZENDE DR ALFREDO J DE C NEVES PIRACICABA,AVENIDA CONCEICAO,350,VILA REZENDE,Piracicaba,SP
7389272,UNIDADE DE PRONTO ATENDIMENTO DE SAO BENEDITO,AVENIDA TABAJARA,S/N,CORRENTE,Ubajara,CE
6855881,UPA VASSOURAL,RUA LUIZ GONZAGA,00,VASSOURAL,Caruaru,PE
2557096,UNIDADE DE PRONTO ATENDIMENTO DE CAETITE,RODOVIA CAETITE GUANAMBI,S/N,RANCHO ALEGRE,Caetité,BA
2755289,UNIDADE DE PRONTO ATENDIMENTO NORTE,203 NORTE ALAMEDA LO 06 APM 02,S/N,PLANO DIRETOR NORTE,Palmas,TO
6481876,UPA IMBIRIBEIRA,AV MASCARENHAS DE MORAES,4223,IMBIRIBEIRA,Recife,PE
7114893,UNIDADE DE PRONTO ATENDIMENTO ZONA NORTE MOACYR SCLIAR,JERONYMO ZELMANOVITZ,001,SAO SEBASTIAO,Porto Alegre,RS
2126133,UAI TERESOPOLIS,AVENIDA BELO HORIZONTE,154,JARDIM TERESOPOLIS,Betim,MG
7522738,UPA ATALAIA DRA RITA DE CASSIA SORIO,ESTRADA DO MORRO GRANDE,623,ATALAIA,Cotia,SP
17396,UPA BOA VISTA,AVN PARANA,3654,BOA VISTA,Curitiba,PR
6035809,UPA 24H BOM PASTOR BELFORD ROXO,ESTR DE BELFORD ROXO,S/N,BOM PASTOR,Belford Roxo,RJ
6754325,UPA UNIDADE DE PRONTO ATENDIMENTO,RUA PITIMBU,S/N,TIBIRI II,Santa Rita,PB
7111924,UPA UNIDADE DE PRONTO ATENDIMENTO NUCLEO BANDEIRANTE,DF 075 KM 180 PLACA DAS MERCEDES,180,NUCLEO BANDEIRANTE,Brasília,DF
6822576,UPA BELA VISTA,RUA MARCAL DE ARRUDA CAMPOS,4,VILA LEMOS,Bauru,SP
6037550,SES UPA 24H ILHA DO GOVERNADOR AP 31,PARQUE POETA MANUEL BANDEIRA,S/N,COCOTA ILHA DO GOVER,Rio de Janeiro,RJ
7569793,UPA PORTE II,AV ESAU ALVES,S/N,FAZENDINHA,Itapipoca,CE
6008054,UNIDADE DE PRONTO ATENDIMENTO UNIDADE XVI UPA XVI,JOAQUIM CAMARGO,47,CENTRO,Contagem,MG
2639556,UPA SITIO CERCADO,RUA LEVY BUQUERA,158,SITIO CERCADO,Curitiba,PR
7363559,UPA PADRE HONORINO JOAO MURARO,RUA FELIX CONTREIRA RODRIGUES,S/N,GETULIO VARGAS,Bagé,RS
7586361,UPA DA MANGABEIRA JAIRO DE JESUS SANTOS,LOTEAMENTO JARDIM DOS NAMORADOS,12,MANGABEIRA,Feira de Santana,BA
6220584,SES RJ UPA 24H BOTAFOGO,RUA SAO CLEMENTE,S/N,BOTAFOGO,Rio de Janeiro,RJ
7429398,UNIDADE PRONTO ATENDIMENTO JANGURUSSU,AV CONTORNO SUL,S/N,JANGURUSSU,Fortaleza,CE
7097794,UPA II ANTONIO DE JESUS,RUA EUTIQUIO LOPES,S/N,SANTA LUZIA,Penedo,AL
4047184,UPA DR ANTONIO ALONSO MARTINEZ VILA XAVIER,RUA JOSE DO PATROCINIO,660,VILA XAVIER,Araraquara,SP
7047517,UPA JARDIM SANTO ANDRE,RUA DOS DOMINICANOS,2011,JARDIM SANTO ANDRE,Santo André,SP
7070640,UNIDADE DE PRONTO ATENDIMENTO UPA ZONA NORTE,AV SOPHIA RASGULAEFF X R HIPOCRATESX R ANA NERI,S/N,JARDIM ALVORADA,Maringá,PR
6631169,SMS UPA 24 H ENGENHO DE DENTRO AP 32,RUA BERNARDO,S/N,ENGENHO DE DENTRO,Rio de Janeiro,RJ
7381158,UPA DE HORIZONTE,RUA CIRO BILHAR,1285,CENTRO,Horizonte,CE
6703437,UPA NOVA DESCOBERTA,AVENIDA VEREADOR OTACILIO DE AZEVEDO,S/N,BREJO DA GUABIRABA,Recife,PE
7057334,UPA 24 HORAS SANTA MARIA DA VITORIA,RUA JEREMIAS RODRIGUES DA SILVA,S/N,AABB,Santa Maria da Vitória,BA
7041152,UPA UNIDADE DE PRONTO ATENDIMENTO DE POMBAL,RUA JAIRO VIEIRA FEITOSA,S/N,PEREIROS,Pombal,PB
7104804,UPA NORTE,AVENIDA PRESIDENTE JUSCELINO KUBITSCHEK,6145,NOVA ERA,Juiz de Fora,MG
3331326,UPA DR MARCIA MUCKY,AVENIDA FERNANDO DE NORONHA,99,JARDIM SAO LUCAS,Gurupi,TO
6919456,UPA ZAIRA,AVENIDA WASHINGTON LUIZ,1952,JARDIM ZAIRA,Mauá,SP
7099371,UPA UNIDADE DE PRONTO ATENDIMENTO DE SINOP,AVENIDA ANDRE MAGGI,S/N,JARDIM DAS ACACIAS,Sinop,MT
2420147,UNIDADE DE PRONTO ATENDIMENTO ZULMIRA SOARES,RUA ALTO DO GADO MANSO,S/N,LIDIA SOUZA CRUZ,Poço Redondo,SE
7021461,UPA SACADURA CABRAL,RUA LAURO MULLER,354,SACADURA CABRAL,Santo André,SP
7038747,UPA DR LUIS ATILIO LOSI VIANA RIBEIRAO PRETO,AVENIDA TREZE DE MAIO,353,JARDIM PAULISTANO,Ribeirão Preto,SP
7471645,UNIDADE DE PRONTO ATENDIMENTO DE CORURIPE,RUA EDGAR CASSIANO DOS SANTOS,152,ZEQUINHA AZEVEDO,Coruripe,AL
6997600,UPA 24H BATATAIS JOSE ANTONIO DA SILVA NETO,AV MOACIR DIAS DE MORAIS,525,JOAQUIM MARINHEIRO,Batatais,SP
2064731,UPA CENTRAL AMELIA BERNARDINI CUTRALE,AVENIDA MARIA ANTONIA CAMARGO DE OLIVEIRA,S/N,VILA FERROVIARIA,Araraquara,SP
7533934,UPA PREFEITO OSVALDO CANDIDO DE QUEIROZ,RUA SANTOS DUMONT,690,MARECHAL RONDON,Igarapé,MG
7267096,UPA D ZILDA ARNS,PRACA KATIA ENTREQUADRAS 25 26 PARQUE MARAJO,05,PARQUE MARAJO,Valparaíso de Goiás,GO
7070713,UNIDADE DE PRONTO ATENDIMENTO DOUTOR CHARLES ANTUNES BECHARA,AV MARGINAL,4000,SAMAMBAIA,Praia Grande,SP
2164817,UPA UNIDADE DE PRONTO ATENDIMENTO SAO BENEDITO,R MAJOR EUSTAQUIO,1030,SAO BENEDITO,Uberaba,MG
7263813,UNIDADE DE PRONTO ATENDIMENTO MORADA DO OURO,RUA 17,S/N,MORADA DO OURO,Cuiabá,MT
7429991,UPA DR AKIRA TADA,ESTRADA SAO FRANCISCO,2400,JARDIM HENRIQUETA,Taboão da Serra,SP
6870805,UPA COROATA,AVENIDA DA BANDEIRA,S/N,CENTRO,Coroatá,MA
6712169,UPA RUI BARBOSA,AVENIDA RUI BARBOSA,10471,COLONIA RIO GRANDE,São José dos Pinhais,PR
6598722,UNIDADE DE PRONTO ATENDIMENTO UPA,AV VITOR ROCHA,10,PARQUE BURLE,Cabo Frio,RJ
4774,UPA 24H PROF ADROALDO ALBERGARIA,RUA DAS PEDRINHAS,S/N,PERIPERI,Salvador,BA
7550049,UPA PUTIM,AVENIDA JOAO RODOLFO CASTELLI,1035,PUTIM,São José dos Campos,SP
7053835,UPA ALVES DIAS ASSUNCAO,AV HUMBERTO DE ALENCAR CASTELO BRANCO,4220,ALVES DIAS,São Bernardo do Campo,SP
6270093,UPA REGIAO NORTE,R MANOEL MORENO ESQ R JOSEPHA VOLTARELLI SANFELICE,130,JARDIM ANTUNES,São José do Rio Preto,SP
7501366,UNIDADE DE PRONTO ATENDIMENTO UPA LIMOEIRO,CAPITAO DOMINGOS,S/N,LIMOEIRO,Juazeiro do Norte,CE
5323436,UPA CAJURU,RUA ENGENHEIRO BENEDITO MARIO DA SILVA,S/N,CAJURU,Curitiba,PR
6851312,UPA CIDADE OPERARIA,AV PRICIPAL AV OESTE,S/N,CIDADE OPERARIA,São Luís,MA
6632858,UPA ACRIZIO MENEZES,AVENIDA DENISE CRISTINA DA ROCHA,600,CEREJEIRAS,Ribeirão das Neves,MG
7106548,SABARA UPA III 24 HORAS PADRE LAZARO PEREIRA CRISPIM,RODOVIA MGT 262 KM 07,7000,NACOES UNIDAS,Sabará,MG
7073194,UPA PORTE II 24HS JD CEREJEIRAS ATIBAIA,PRACA ORIENTAL,50,JD CEREJEIRAS,Atibaia,SP
7096518,UPA I UNIDADE DE PRONTO ATENDIMENTO DE CORONEL VIVIDA,RUA ROMARIO MARTINS,154,CENTRO,Coronel Vivida,PR
7449135,SES RJ UPA 24H MAGE,RUA A,S/N,PIABETA,Magé,RJ
6635903,UPA UNIDADE DE PRONTO ATENDIMENTO BARRA,AV AMARAL PEIXOTO,S/N,BARRA DE MACAE,Macaé,RJ
6033075,SES RJ UPA 24H SARAPUI,RUA REPUBLICA DO PARAGUAI,S/N,VILA SARAPUI,Duque de Caxias,RJ
7023049,UNIDADE DE PRONTO ATENDIMENTO,JOSE MUNHOZ,286,JD CASTELO,Sarandi,PR
7135173,UNIDADE DE PRONTO ATENDIMENTO DE PERUIBE UPA24H,AVENIDADE TEREZINHA RODRIGUES KALLIL,S/N,PARQUE DAVILLE,Peruíbe,SP
9296,UPA 24 HORAS ALTO DA PONTE,RUA ALZIRO LEBRAO,70,ALTO DA PONTE,São José dos Campos,SP
6855180,UNIDADE DE PRONTO ATENDIMENTO UPA,RUA ARNALDO HORACIO FERREIRA,165,MIMOSO DO OESTE,Luís Eduardo Magalhães,BA
7592477,UPA SOBRADINHO,DF 420 KM2 COMPLEXO DE SAUDE,1,SOBRADINHO II,Brasília,DF
7641117,UPA DE DELMIIRO GOUVEIA,AV ANTONIO JOSE DA COSTA,S/N,NOVO,Delmiro Gouveia,AL
7514948,UNIDADE PRONTO ATENDIMENTO ITAPERI,RUA BETEL,S/N,ITAPERI,Fortaleza,CE
7148984,UPA UNIDADE DE PRONTO ATENDIMENTO CAPIM GROSSO,AV JOAO DAMASCENDO,S/N,NOVO OESTE,Capim Grosso,BA
7037112,UPA SABARA,AV ARTHUR THOMAS,2390,NOVO SABARA,Londrina,PR
2422077,UNIDADE DE PRONTO ATENDIMENTO 24 H DR FRANCISCO ROLLEMBERG,PRACA ANTONIO PINTO DE REZENDE,226,CENTRO,Porto da Folha,SE
6855334,UPA ITAPERUNA,RUA E,01,CIDADE NOVA,Itaperuna,RJ
6950655,UPA JARDIM BOA ESPERANCA JORGE DE JESUS ALMEIDA GUARUJA,RUA MARIO DAIGE,S/N,JD BOA ESPERANCA,Guarujá,SP
6950655,UPA JARDIM BOA ESPERANCA JORGE DE JESUS ALMEIDA GUARUJA,RUA MARIO DAIGE,S/N,JD BOA ESPERANCA,Guarujá,SP
10049,UPA DR WALFRIDO ARRUDA CORONEL ANTONINO,RUA DR MEIRELES,S/N,CORONEL ANTONINO,Campo Grande,MS
7015887,UPA 24 H SANTA MARIA RS,RUA ARY LAGRANHA DOMINGUES,188,PERPETUO SOCORRO,Santa Maria,RS
7548311,UPA POCOS DE CALDAS,RUA BANDEIRA DO SUL,0,JOSE CARLOS,Poços de Caldas,MG
10081,UPA DR ALESSANDRO MARTINS DE SOUZA E SILVA VILA ALMEIDA,RUA MINISTRO JOSE LINHARES,S/N,VILA PALMIRA,Campo Grande,MS
6535798,UPA DEMARCHI BATISTINI,RUA VALDOMIRO LUIZ,303,DEMARCHI,São Bernardo do Campo,SP
7061773,UPA FRANCISCO CORREA DE CARVALHO,AVENIDA FARMACEUTICO JAIR SANTANA,113,PADRE VITOR,Varginha,MG
7596871,UPA DO CABULA,ESTRADA SABOEIRO,S/N,SABOEIRO,Salvador,BA
7463227,UPA 24H BATEL,RUA BARAO DO CAPANEMA,1701,BATEL,Guarapuava,PR
6870066,UPA 24 HS RESENDE,AVENIDA ADAUTO EMILIANO SOARES,S/N,COMERCIAL NOVA RESEN,Resende,RJ
7134665,UPA MANOEL GEORGINO LOPES,RUA JOSE MARTIM DOS ANJOS,185,JD NOVA HORTOLANDIA,Hortolândia,SP
2755289,UNIDADE DE PRONTO ATENDIMENTO NORTE,203 NORTE ALAMEDA LO 06 APM 02,S/N,PLANO DIRETOR NORTE,Palmas,TO
7550901,UPA 24 HORAS SANTA ROSA,RUA CAXIAS,1011,CENTRO,Santa Rosa,RS
7684371,UNIDADE PRONTO ATENDIMENTO MARIA DORIS DE CAMPOS P LOPES,AV JOAO NAVARRO SIQUEROLI,S/N,JARDIM ACAPULCO,São Carlos,SP
6964370,UPA UNIDADE DE PRONTO ATENDIMENTO DE GUARABIRA,RODOVIA PB 57,S/N,CONJUNTO PRO MARADIA,Guarabira,PB
23310,UNIDADE DE PRONTO ATENDIMENTO OESTE,AV BARAO HOMEM DE MELO,1710,JARDIM AMERICA,Belo Horizonte,MG
2496461,UPA ZONA LESTE,AV MAMORE COM RIO DE JANEIRO,S/N,TANCREDO NEVES,Porto Velho,RO
7313233,UNIDADE DE PRONTO ATENDIMENTO MANOEL FRANCISCO DE AGUIAR,AV BELEM,S/N,CENTRO,Breu Branco,PA
6875343,UPA 24 HORAS,AVENIDA GETULIO VARGAS,1284,CENTRO,Teófilo Otoni,MG
7433530,UPA UNIDADE DE PRONTO ATENDIMENTO 24H,RUA IRMAOS SPINELLI,1855,PARQUE SAO CARLOS,Três Lagoas,MS
6542891,UPA UNIDADE DE PRONTO ATENDIMENTO DE ARARUAMA,AV GETULIO VARGAS,S/N,CENTRO,Araruama,RJ
6512925,SMS UPA 24H COMPLEXO DO ALEMAO AP 31,ESTRADA DO ITARARE,221,BONSUCESSO,Rio de Janeiro,RJ
7340885,UPA PARQUE IRACEMA,AVENIDA THEODORO ROSA FILHO,1500,PARQUE IRACEMA,Catanduva,SP
7321775,UNIDADE DE PRONTO ATENDIMENTO DRA VALERIA MACAMBIRA GUEDES,RUA DR JOSE MOREIRA,01,COCODE,Cajazeiras,PB
7463030,UPA UNIDADE DE PRONTO ATENDIMENTO 24H BRAGANCA PAULISTA,RUA SEBASTIAO CICERO FRANCO,S/N,VILA DAVID,Bragança Paulista,SP
7530684,UPA DA SOBRAL FRANCO SILVA,ESTRADA DA SOBRAL,S/N,SOBRAL,Rio Branco,AC
7428383,UPA IRMA JUDITE DINIZ,RUA PEDRO MOREIRA,1496,SANTA LUZIA,Canindé,CE
6555551,UPA 24H QUEIMADOS RJ,RUA MARIO FERREIRA DOS REIS,S/N,NOSSA SENHORA DA GLO,Queimados,RJ
6562205,UPA BARRA DE JANGADA,RUA CRUZ ALTA,S/N,BARRA DE JANGADA,Jaboatão dos Guararapes,PE
6530389,UPA TORROES,AV ABDIAS DE CARVALHOS,1455,TORROES,Recife,PE
7084307,UPA 24HS TUCURUI EROSTACIO CORREA FILOCREAO IOIO,RUA 06,S/N,SANTA MONICA,Tucuruí,PA
7549156,UNIDADE DE PRONTO ATENDIMENTO UPA SANTA PAULA,RUA NICOLAU KLUPPEL NETO,S/N,SANTA PAULA,Ponta Grossa,PR
6708714,UPA SAMAMBAIA,QS 107 CONJUNTO 04 AE,09,SUL,Brasília,DF
7155840,UNIDADE DE PRONTO ATENDIMENTO DE XINGUARA,BR 155 ESQUINA COM AVENIDA HERMES DANTAS,S/N,CENTRO,Xinguara,PA
7376421,UPA 24 HORAS GUAJUVIRAS,AVENIDA BOQUEIRAO,2901,ESTANCIA VELHA,Canoas,RS
7590687,UPA JOSE FERNANDO DA SILVA SAO PEDRO,RUA MALAQUIAS GERRA,162,CENTRO,São Pedro,SP
7360851,UNIDADE PRONTO ATENDIMENTO CONJUNTO CEARA,RUA 860,S/N,CONJUNTO CEARA,Fortaleza,CE
5584523,UPA CONCHECITA CIARLINI,RUA SEIS DE JANEIRO,289,SANTO ANTONIO,Mossoró,RN
7428707,UPA JD ROSOLEM JOSE PEREIRA DE AMORIM,RUA ORLANDO PAVAN,395,JD ROSOLEM,Hortolândia,SP
7465157,UPA CEILANDIA,QNN 27 AREA ESPECIAL D,1,CEILANDIA,Brasília,DF
7206771,UPA GEISEL,RUA ANTONIO MANOEL DA COSTA,S/N,AVENIDA HIPODROMO,Bauru,SP
2024829,UNIDADE DE PRONTO ATENDIMENTO DR AVELINO G MARTINS NETO,AVENIDA SETE DE SETEMBRO,750,CENTRO,Jaboticabal,SP
6864651,,,,,São João de Meriti,RJ
2023571,PRONTO ATENDIMENTO SAO JOSE,RUA BERTOLDO FERNANDO DE CASTRO,S/N,JD BANDEIRA 2,Campinas,SP
7078730,UPA RECANTO DAS EMAS,EQ 400 600 AREA ESPECIAL RECANTO DAS EMAS,01,RECANTO DAS EMAS,Brasília,DF
7407203,UPA 24 HORAS TIMBAUBA PE,BR 408 KM 29,S/N,ARARUNA,Timbaúba,PE
2189860,UNIDADE DE PRONTO ATENDIMENTO VARGEM DAS FLORES UPA,RUA RETIRO DOS IMIGRANTES,80,RETIRO,Contagem,MG
6950043,UPA VILA ASSIS,AVENIDA DOM JOSE GASPAR,2129,JARDIM ANCHIETA,Mauá,SP
6886345,UPA ANATOLIO DIAS CARNEIRO ARAGUAINA,RUA DOS PINHEIROS,S/N,ARAGUAINA SUL,Araguaína,TO
7396368,UPA DRA LEILA MARIA ALEXANDRINO CIDRAO FEITOSA,AV CHERMONN ALVES DE OLIVEIRA,494,NOVA ALDEOTA,Tauá,CE
6030807,UPA JARDIM CONCEICAO,RUA MONTE DAS OLIVEIRAS,S/N,JARDIM CONCEICAO,Osasco,SP
7130341,UPA DR FABIO AUGUSTO CARMO ZACURA SCRPARDO,R GASTAO VIDIGAL ESQ C FRANCISCO DE ABREU SODRE,S/N,ESTACAO,Santa Cruz do Rio Pardo,SP
7652038,UNIDADE DE PRONTO ATENDIMENTO MUNICIPAL 24 HS UPA,VENANCIO AIRES,1781,CENTRO,Cruz Alta,RS
6899919,UPA NILOPOLIS,RUA ANTONIO PEREIRA,S/N,CABUIS,Nilópolis,RJ
6038913,SES UPA 24H PENHA AP 31,AVENIDA LOBO JUNIOR,S/N,PENHA,Rio de Janeiro,RJ
7317719,UPA UNIDADE DE PRONTO ATENDIMENTO,TICO TICO REI,S/N,JARDIM CARAVELLE,Arapongas,PR
6038891,SES RJ UPA 24H ENGENHO NOVO AP 32,RUA SOUZA BARROS,70,ENGENHO NOVO,Rio de Janeiro,RJ
2792346,UPA PIRACICAMIRIM DR FORTUNATO LOSSO NETO PIRACICABA,RUA RIO GRANDE DO NORTE,135,VILA PRUDENTE,Piracicaba,SP
7050577,UNIDADE DE PRONTO ATENDIMENTO DE JUINA DR SANTOS,RUA DAS ANDORINHAS,S/N,MODULO 04,Juína,MT
4042751,UNIDADE DE PRONTO ATENDIMENTO UPA,RUA BARAO DE PASSOS,1629,SANTA LUZIA,Passos,MG
7112831,UNIDADE DE PRONTO ATENDIMENTO UPA III,CIDADE NOVA II WE 16,S/N,COQUEIRO,Ananindeua,PA
7706766,UPA TANGARA ESTORIL,AVENIDA GETULIO VARGAS,384,SAO FRANCISCO,São José do Rio Preto,SP
7152574,UPA JOSE CAMPOS BARRETO ZEQUINHA BARRETO,RUA DR ALBERT JACKSON BYNGTON,822,VILA MENCK,Osasco,SP
5955645,SES RJ UPA 24H BANGU,RUA FIGUEIREDO CAMARGO,S/N,BANGU,Rio de Janeiro,RJ
6588425,UPA 24 HORAS NOVA FRIBURGO,AVENIDA GOVERNADOR ROBERTO SILVEIRA,3456,CONSELHEIRO PAULINO,Nova Friburgo,RJ
7685246,UPA CENTRO OESTE MARIA ANGELICA CASTOLDO,RUA ABELIO BENATTI,4000,JARDIM DO SOL,Londrina,PR
6038905,SES RJ UPA 24H CAMPO GRANDE II,AVENIDA CESARIO DE MELO,S/N,CAMPO GRANDE,Rio de Janeiro,RJ
7065299,UPA II DR JAIR DINOAH DE ARAUJO,AV BERNARDO SAYAO,1425,CENTRO,Ceres,GO
2546000,UNIDADE DE PROTO ATENDIMENTO 24 H PEDRO VALADARES,RUA JULIO MANOEL DE OLIVEIRA,S/N,CENTRO,Simão Dias,SE
6940315,UNIDADE DE PRONTO ATENDIMENTO OCEANIA,AV GOV FLAVIO RIBEIRO COUTINHO,70,AEROCLUBE,João Pessoa,PB
6613136,UNIDADE DE PRONTO ATENDIMENTO JOAO SAMEK,RUA IACANGA ESQUINA COM AVENIDA AMERICO SASDELI,S/N,JARDIM PALMEIRA,Foz do Iguaçu,PR
7065507,SES RJ UPA 24H ITABORAI,RODOVIA BR 493,S/N,MANILHA,Itaboraí,RJ
6922597,UPA CASCATINHA PRONTO ATENDIMENTO 24H PETROPOLIS II,RUA BERNARDO PROENCA,500,CASCATINHA,Petrópolis,RJ
6635172,UNIDADE DE PRONTO ATENDIMENTO UPA RIO BONITO,RODOVIA BR 101,S/N,PRACA CRUZEIRO,Rio Bonito,RJ
6726852,UPA IBURA,RUA VALE DO TAJAI,S/N,IBURA,Recife,PE
6992021,UPA SAO JOAO DOS PATOS,RUA SAO JORGE,01,SANTIAGO,São João dos Patos,MA
7077149,UPA UNIDADE DE PRONTO ATENDIMENTO 24 HORAS FREI CALIXTO,RUA DA MATA,S/N,MERCADO DO POVO,Porto Seguro,BA
5323495,UPA CIDADE INDUSTRIAL,RUA SENADOR ACCIOLY FILHO,3370,CIC,Curitiba,PR
6931960,UPA CODO,RUA SANTA RITA,S/N,SANTA TEREZINHA,Codó,MA
7068824,UPA UNIDADE DE PRONTO ATENDIMENTO,RUA ALFREDO DELL VIGNA,253,JORDANESIA,Cajamar,SP
6210902,UNIDADE DE PRONTO ATENDIMENTO CENTRO SUL,RUA DOMINGOS VIEIRA,488,SANTA EFIGENIA,Belo Horizonte,MG
7633149,UPA 24H VALE DOS BARRIS,PRACA JOAO MANGABEIRA ROTULA AV VALE DOS BARRIS,S/N,BARRIS,Salvador,BA
6903665,SES RJ UPA 24H SAO GONCALO II,AVENIDA BISPO DOM JOAO DA MATA,S/N,SAO GONCALO,São Gonçalo,RJ
6650864,UPA RIACHO GRANDE,RUA MARCILIO CONRADO,333,RIACHO GRANDE,São Bernardo do Campo,SP
6439837,UPA 24 HORAS DO 2 DISTRITO,RODOVIA BR 364 KM 125,0020,LOTEAMENTO SANTA HEL,Rio Branco,AC
7408765,UPA 24H ESPERANCA,AVENIDA PARAIBA,S/N,CIDADE DA ESPERANCA,Natal,RN
2061562,UPA BARAO DE MAUA,AV BARAO DE MAUA,3567,JARDIM MARINGA,Mauá,SP
7144016,UNIDADE DE PRONTO ATENDIMENTO UPA DE MOGI GUACU,RUA ORLANDA PEREIRA BUENO,S/N,JARDIM SANTA MARTA,Mogi Guaçu,SP
7476469,UPA 24H VALERIA,RUA DO LAVRADOR,S/N,VALERIA,Salvador,BA
6742831,SMS UPA 24H SENADOR CAMARA AP 51,AVENIDA SANTA CRUZ,6486,SENADOR CAMARA,Rio de Janeiro,RJ
6661904,SMS UPA 24H MADUREIRA AP 33,PRACA DOS LAVRADORES,S/N,MADUREIRA,Rio de Janeiro,RJ
7498233,UPA DR JUVENAL PAIVA,AV TONICO REIS,1700,VAPABUCU,Sete Lagoas,MG
7626916,UNIDADE DE PRONTO ATENDIMENTO UPA 24 HORAS,RUA PROJETADA,S/N,PIANCOZINHO,Piancó,PB
6618464,UPA ENGENHO VELHO,AVENIDA MANOEL RABELO,S/N,ENGENHO VELHO,Jaboatão dos Guararapes,PE
7156324,UNIDADE DE PRONTO ATENDIMENTO,AVENIDA AURELIO JOSE FREDIANI,45,JARDIM SANTA ROSA,Vinhedo,SP
6559565,UPA 24 HORAS ANGRA DOS REIS,RUA FRANCELINO ALVES DE LIMA,S/N,JAPUIBA,Angra dos Reis,RJ
7396732,UNIDADE DE PRONTO ATENDIMENTO UPA 24HS ARACOIABA,AV DA INDEPENDENCIA,S/N,CENTRO,Aracoiaba,CE
2466422,UPA II DR JOAO BATISTA DE ALMEIDA NETO,RUA CACHOEIRO DO ITAPEMIRIM,S/N,IPIRANGA,Guarapari,ES
7077971,UNIDADE DE PRONTO ATENDIMENTO DE CAUCAIA,GERONIMO AMARAL,S/N,CENTRO,Caucaia,CE
6558992,UPA CURADO,RUA LEONARDO DA VINCE,68,CURADO II,Jaboatão dos Guararapes,PE
6867294,UPA 24 HORAS CANUDOS NH IRMAO ANTONIO BORTOLINI,RUA BARTOLOMEU DE GUSMAO,12,CANUDOS,Novo Hamburgo,RS
7169159,UPA DR DARCY COSTA,AVENIDA JUSCELINO KUBITSCHEK OLIVEIRA,515,VILA DO PRINCIPE,Lapa,PR
3606961,UPA CAMPO DOS ALEMAES,RUA JOAO DE OLIVEIRA E SILVA,S/N,CAMPO DOS ALEMAES,São José dos Campos,SP
7093284,UNIDADE PRONTO ATENDIMENTO DR HUMBERTO FERREIRA UPA MIRANTE,AV LEOPOLDINO DE OLIVEIRA,534,PARQUE DO MIRANTE,Uberaba,MG
6568734,UPA ITAQUI BACANGA,AVENIDA DOS PORTUGUESES,S/N,ITAQUI BACANGA,São Luís,MA
5955653,SES RJ UPA 24H CAMPO GRANDE,ESTR DO MENDANHA,S/N,CAMPO GRANDE,Rio de Janeiro,RJ
6443370,UPA IGARASSU,RODOVIA BR 101 NORTE KM 47,S/N,CENTRO,Igarassu,PE
7116896,UNIDADE DE PRONTO ATENDIMENTO UPA 24 HORAS,AVENIDA GERSON DE OLIVEIRA,S/N,NOVA ITAPETINGA,Itapetinga,BA
6798128,UPA SAO JOAO DEL REI,R MARECHAL CIRO ESPIRITO SANTO CARDOSO,173,CAIEIRAS,São João del Rei,MG
2738864,UPA VENEZA,RUA CAFE FILHO,1460,JARDIM VENEZA,Cascavel,PR
7184689,UNIDADE DE PRONTO ATENDIMENTO CENTRAL DE CARAGUATATUBA,AVENIDA MARANHAO,451,JARDIM PRIMAVERA,Caraguatatuba,SP
2383462,AMBULATORIO 24 HORAS NOVO GAMA,AVENIDA CENTRAL,1000,NOVO GAMA,Novo Gama,GO
7711077,UNIDADE DE PRONTO ATENDIMENTO DE ITANHAEM,RUA JOSE ERNESTO BECHELLI,S/N,SABAUNA,Itanhaém,SP
6575900,SMS UPA 24H CIDADE DE DEUS AP 40,RUA EDGAR WERNECK,S/N,CIDADES DE DEUS,Rio de Janeiro,RJ
6844596,UPA BAETA NEVES,RUA DOS VIANAS,933,BAETA NEVES,São Bernardo do Campo,SP
6950051,UPA MAGINI CENTRO,WASHINGTON LUIS,3890,VILA MAGINI,Mauá,SP
2126001,UNIDADE A I SETE DE SETEMBRO,AVENIDA BANDEIRANTES,441,CHACARA,Betim,MG
7584717,UNIDADE DE PRONTO ATENDIMENTO REMI A MASCARELLO,RUA SANTOS DUMONT,1400,SAO VICENTE,Herval d'Oeste,SC
6767400,UNIDADE DE PRONTO ATENDIMENTO DR DIORANDI FIGUEIRA DA COSTA,RUA JOAO RODRIGUES AGOSTINHO,2701,PARQUE VILA SAUDE,Votuporanga,SP
6488714,UPA 24HS UNIDADE DE PRONTO ATENDIMENTO NATHAN GARCIA LEITAO,RUA TENENTE LUIZ MEIRELLES,S/N,VARZEA,Teresópolis,RJ
6443397,UPA OLINDA,RODOVIA PE 15 AVENIDA JOAQUIM NABUCO,S/N,CIDADE TABAJARA,Olinda,PE
2189879,UNIDADE DE PRONTO ATENDIMENTO RESSACA UPA,PRACA 21 DE ABRIL GUANABARA,S/N,GUANABARA,Contagem,MG
2785722,UNIDADE DE PRONTO ATENDIMENTO UPA,RUA FREDERICO DOLABELA,S/N,CENTRO,Manhuaçu,MG
7274440,UNIDADE PRONTO ATENDIMENTO JOSE WALTER,AV PRESIDENTE COSTA E SILVA,S/N,JOSE WALTER,Fortaleza,CE
2126052,UNIDADE A I ALEXANDRE SILVA A DINIZ ALTEROSAS,AVENIDA CAMPOS DE OURIQUE,520,JARDIM ALTEROSAS,Betim,MG
5955629,SES UPA 24H IRAJA AP 33,AV MONSENHOR FELIX,380,IRAJA,Rio de Janeiro,RJ
7474423,UPA PORTE III CASTANHAL GOVERNADOR ALMIR GABRIEL,BR 316,S/N,CRISTO REDENTOR,Castanhal,PA
6646034,SES RJ UPA NOVA IGUACU II,ESTRADA DE ADRIANOPOLIS,S/N,TRES CORACOES,Nova Iguaçu,RJ
7116756,UPA UNIDADE DE PRONTO ATENDIMENTO DE SAO SEBASTIAO,QD 102 CJ 1 LT 1,1,RESIDENCIAL OESTE,Brasília,DF
7469144,UPA 24 HORAS PADRE ROBERTO CORDEIRO MARTINS,RUA NILO MACIEL,241,PONTE FUNDA,Divinópolis,MG
5387582,UPA 24 HORAS CARAPINA,AVENIDA NORTE SUL,S/N,MANOEL PLAZA,Serra,ES
6421482,SMS UPA 24H MANGUINHOS AP 31,AV DOM HELDER CAMARA,1390,BENFICA,Rio de Janeiro,RJ
7543913,UNIDADE DE PRONTO ATENDIMENTO UPA,AVENIDA PREFEITO WANDERLEY LUIS MAIA,105,CIDADE MONTESA,Campo Belo,MG
7640307,UPA RUY SILVA,RUA OSMAR LUCHINI,670,JD AEROPORTO,Assis,SP
7481624,UNIDADE DE PRONTO ATENDIMENTO PALMEIRA DOS INDIOS,RUA BRAULIO MONTINEGRO,S/N,VILA MARIA,Palmeira dos Índios,AL
6722253,UPA UNIDADE DE PRONTO ATENDIMENTO,VIA 26 A,S/N,SETOR SUL,Formosa,GO
7278438,UNIDADE DE PRONTO ATENDIMENTO UPA PORTE 1,PRACA ESPIRIDIAO LUCIO MARTINS,S/N,CENTRO,Itapeva,SP
3340821,UNIDADE DE PRONTO ATENDIMENTO UPA NORTE DA ILHA,ROD FRANCISCO FAUSTINO MARTINS,000,CANASVIEIRAS,Florianópolis,SC
7094132,UNIDADE DE PRONTO ATENDIMENTO UPA I SANTA ISABEL,RUA PRESIDENTE CASTELO BRANCO,320,JAGUARI,Santa Isabel,SP
6571573,UPA SAO PEDRO,RUA MAJOR LINO LIMA,129,SAO PEDRO,Juiz de Fora,MG
7085400,UNIDADE DE PRONTO ATENDIMENTO DE ARAUCARIA,RUA AUGUSTO RIBEIRO DOS SANTOS,1,COSTEIRA,Araucária,PR
6487815,SMS UPA 24H VILA KENNEDY AP 51,PRACA DOLOMITAS,S/N,VILA KENNEDY,Rio de Janeiro,RJ
7319428,UNIDADE DE PRONTO ATENDIMENTO UPA 24H,RUA SETE DE SETEMBRO,S/N,PRESIDENTE MEDICE,Chapecó,SC
6037569,SES RJ UPA 24H MARECHAL HERMES,RUA XAVIER CURADO,S/N,MAL HERMES,Rio de Janeiro,RJ
7479387,UPA CAMPO LIMPO,TEREZA MOUCO DE OLIVEIRA,121,CAMPO LIMPO,São Paulo,SP
7427549,UPA INFANTIL WALTER GARCIA,RUA GENERAL ARGOLO,S/N,CENTRO,Duque de Caxias,RJ
7157681,UPA UNIDADE DE PRONTO ATENDIMENTO DE SENADOR CANEDO,RUA BV 15 ESQ AV GERONIMO VIEIRA,S/N,RESIDENCILA BOA VIST,Senador Canedo,GO
7111606,UNIDADE DE PRONTO ATENDIMENTO 24H UPA I,AVENIDA CARMELITO BARBOSA ALVES,110,ITAPICURU,Cruz das Almas,BA
7443382,UPA SIMOES FILHO,AVENIDA ELMO SEREJO DE FARIAS,S/N,CIA I,Simões Filho,BA
7164440,UPA MARICA 24H,RUA EUCLIDES DE PAULO DA SILVA,S/N,INOA,Maricá,RJ
5989442,UNIDADE DE PRONTO ATENDIMENTO UPA SUL DA ILHA,RODOVIA FRANCISCO MAGNO VIEIRA,682,RIO TAVARES,Florianópolis,SC
2825260,UNIDADE DE PRONTO ATENDIMENTO MACARENKO UPA 24H,RUA VINICIUS DE MORAES,380,JARDIM MACARENKO,Sumaré,SP
7099185,UNIDADE DE PRONTO ATENDIMENTO DR DEVID DISRAELI TORRES,RUA PEDRO BARRETO,20,CENTRO,Viçosa,AL
6426174,UPA 24 HS,AV ZOELLO SOLA,2100,TRIANGULO,Três Rios,RJ
6927173,UPA DO SUBURBIO,LADEIRA DA TEREZINHA,S/N,ESCADA,Salvador,BA
6418651,UPA SAO PEDRO,DOM PEDRO DE ALCANTARA,273,VILA SAO PEDRO,São Bernardo do Campo,SP
7595905,UPA 24H MUNICIPAL DE COMENDADOR SOARES,RUA DOS QUARTEIS,221,COMENDADOR SOARES,Nova Iguaçu,RJ
6598544,SMS UPA 24 H JOAO XXIII AP 53,AV JOAO XXIII,S/N,SANTA CRUZ,Rio de Janeiro,RJ
6938124,SMS UPA 24 H PACIENCIA AP 53,ESTRADA SANTA EUGENIA,S/N,PACIENCIA,Rio de Janeiro,RJ
7540868,UPA DA CIDADE DO POVO DR EDILBERTO PARIGOT DE SOUZA FILHO,AVENIDA 1,S/N,CIDADE DO POVO,Rio Branco,AC
2126419,UNIDADE A I NILDA NOGUEIRA DO A ANDRADE GUANABARA,RUA JOVELINO GREGORIO DA SILVA,225,GUANABARA,Betim,MG
6893295,UPA 24HS MARANGUAPE,RODOVIA SENADOR ALMIR PINTO,0000000,NOVO MARANGUAPE,Maranguape,CE
6900836,UPA UNIDADE DE PRONTO ATENDIMENTO,RUA JOAO DE BARRO,S/N,PARAISO DO VALE,Bom Princípio,RS
